WellIndex,Por,LogPerm,AI,Brittle,TOC,VR,Latitude,Longitude,Production
1,15.91,1.67,3.06,14.05,1.36,1.85,36.7402,48.9246,177.381958
2,15.34,1.65,2.6,31.88,1.37,1.79,64.3508,25.9654,1479.767778
3,20.45,2.02,3.13,63.67,1.79,2.53,68.1641,21.9606,4421.221583
4,11.95,1.14,3.9,58.81,0.4,2.03,40.4884,39.7953,1488.317629
5,19.53,1.83,2.57,43.75,1.4,2.11,52.2344,34.0161,5261.094919
6,19.47,2.04,2.73,54.37,1.42,2.12,35.5079,37.0399,5497.005506
7,12.7,1.3,3.7,43.03,0.45,1.95,23.7339,52.657,1784.266285
8,14.15,1.23,2.53,39.43,0.79,1.54,-8.2126,66.4275,1943.639213
9,16.18,1.34,3.45,45.79,0.56,1.95,-10.0,58.3841,3176.523611
10,20.51,2.48,2.78,28.99,1.78,2.24,33.0995,57.1905,2522.792318
11,12.25,1.2,3.64,64.08,0.81,2.44,61.7781,20.9608,1215.676438
12,11.59,1.06,3.33,59.32,0.24,1.91,35.5524,39.6201,1364.885428
13,18.18,2.02,2.85,24.81,1.17,1.84,47.014,30.3769,1100.000817
14,12.1,1.42,4.1,63.71,0.09,2.12,60.8923,14.0223,1166.029442
15,14.68,1.47,2.21,46.02,1.27,1.67,58.0418,32.8586,2717.328863
16,9.23,0.81,2.85,69.48,0.69,1.87,39.9325,38.8061,511.6087695
17,14.0,1.65,3.83,57.35,1.12,2.32,35.8039,56.6031,2249.128389
18,10.24,0.88,2.96,30.03,0.43,1.48,-2.3869,61.1435,555.8489343
19,15.74,1.2,2.78,40.0,1.49,2.25,2.4214,42.9106,2630.724009
20,13.29,1.15,3.04,93.47,0.3,1.94,30.1931,61.9733,28.42357329
21,16.57,1.85,2.52,32.16,1.43,1.78,38.7372,52.6523,1822.997389
22,17.05,1.69,3.64,47.87,1.17,2.34,32.6074,48.4084,3907.976463
23,15.97,1.37,2.88,69.75,0.9,1.81,16.56,45.9392,1350.341147
24,16.37,1.34,2.67,48.01,1.28,2.16,25.9383,35.3272,3545.451691
25,10.52,1.07,4.31,39.33,0.13,2.18,38.6104,36.7643,1092.833803
26,10.84,0.58,2.64,44.3,0.41,1.41,-7.0753,67.3638,1386.661653
27,11.72,1.17,3.87,51.55,0.71,2.39,69.8783,48.3884,1750.080154
28,11.54,1.1,4.47,37.78,0.67,2.51,44.498,53.8581,1213.281884
29,13.92,1.45,3.54,55.46,0.62,1.89,41.807,34.4791,2252.847709
30,17.02,1.92,3.08,41.88,1.26,2.06,51.8611,24.6524,3426.72069
31,16.33,1.5,1.85,26.94,1.44,1.18,24.3258,46.8948,1072.505415
32,16.55,1.63,2.99,50.06,0.88,1.68,43.0584,21.2452,3597.238553
33,15.39,1.47,3.27,39.65,0.84,2.01,-2.3047,58.0383,2365.930235
34,13.64,1.38,3.01,50.78,0.86,2.12,41.6616,37.9424,2350.805045
35,12.77,1.62,2.77,26.3,1.73,2.01,43.7575,34.0245,617.0719968
36,16.75,1.81,2.99,52.38,0.66,1.77,33.1117,26.4639,3613.273523
37,13.13,0.92,3.76,30.93,0.67,2.18,2.0567,58.4162,928.2848776
38,20.67,1.95,3.16,46.83,2.44,2.82,86.8878,18.2623,7141.265029
39,20.11,1.72,2.83,27.93,1.53,2.1,84.27,12.8063,2062.783229
40,9.7,1.13,3.32,46.81,0.44,1.98,38.8293,11.6871,1261.443836
41,13.48,1.48,2.9,55.11,0.61,1.82,45.7906,37.6982,2135.69704
42,17.47,1.58,2.84,49.93,2.13,2.3,47.8232,54.9844,4482.698752
43,14.21,1.51,3.74,68.15,0.74,2.34,77.863,43.3605,1195.5227
44,11.68,0.96,3.87,43.81,0.64,2.09,42.4833,34.5599,1584.915142
45,18.12,1.57,2.92,59.13,1.35,2.24,88.4083,17.035,3841.64321
46,15.88,1.66,3.41,57.2,0.68,2.06,37.6253,45.5189,2862.10162
47,13.84,1.23,3.07,38.37,1.33,2.22,22.3914,36.1792,1829.05814
48,15.1,1.46,3.32,84.17,0.97,2.22,13.8777,52.1607,203.1434107
49,13.97,1.06,3.28,52.06,0.95,1.97,85.0864,31.8806,2435.143521
50,14.39,1.18,3.04,25.38,1.45,1.99,39.4648,52.4566,679.3660304
51,21.0,1.94,2.32,58.72,1.14,1.84,44.2622,37.5067,5870.549942
52,15.79,1.31,2.18,54.5,0.93,1.41,32.7773,40.4912,3064.860477
53,10.66,1.3,3.68,68.09,1.38,2.52,49.1573,28.0151,753.2658793
54,15.53,1.19,1.92,44.57,1.1,1.48,49.2408,28.4969,2915.495228
55,13.49,1.38,2.56,52.76,1.42,2.01,82.7752,22.7639,2355.165207
56,11.8,1.16,3.43,93.39,0.25,1.9,42.1647,42.916,23.27379484
57,10.1,0.36,3.6,38.75,0.08,1.89,34.6113,51.0219,977.1241751
58,12.89,1.12,2.96,43.09,0.71,1.9,43.6923,30.6759,1862.412859
59,15.94,1.26,2.65,31.6,1.76,2.02,41.2021,54.5061,1602.512677
60,18.79,1.88,3.35,36.03,1.73,2.24,77.1537,24.285,3394.83831
61,14.8,1.57,3.93,57.05,0.31,2.32,36.2313,41.1054,2396.736054
62,12.38,0.79,3.96,78.95,0.19,2.27,40.3705,32.3982,271.5543005
63,10.27,0.79,3.33,49.05,0.73,2.25,29.6628,19.3756,1414.64051
64,14.22,0.99,2.66,29.89,1.16,2.02,5.8605,60.7893,1024.964113
65,14.76,1.09,3.07,48.28,0.34,1.81,40.3428,47.2485,2620.978391
66,12.77,0.98,3.75,55.11,0.41,2.36,37.3475,38.1151,1876.074031
67,12.94,1.32,3.94,57.12,0.39,2.21,41.7058,40.0729,1830.195003
68,17.72,1.66,1.39,36.25,2.15,1.93,47.6151,42.4941,3022.514331
69,13.66,0.64,3.2,61.53,0.6,2.12,41.1602,23.9685,1672.257011
70,12.87,0.89,2.72,52.21,0.64,1.81,39.2881,34.9586,2024.243018
71,14.6,1.28,3.29,55.24,0.8,2.24,49.5049,44.6159,2516.231896
72,15.64,1.26,3.25,51.26,0.98,2.3,-10.0,44.9571,3135.019039
73,14.92,1.83,2.8,49.06,1.0,1.78,33.2335,45.3039,2887.052155
74,16.39,1.25,2.59,54.21,1.75,2.3,37.1886,27.4182,3555.742737
75,14.09,1.15,2.95,45.1,0.93,1.91,42.8545,43.6652,2373.247992
76,13.6,1.34,2.72,65.56,0.8,1.84,35.5807,41.1903,1337.161679
77,13.41,1.68,3.25,61.06,0.49,1.77,35.8725,25.2933,1692.362778
78,17.18,1.36,2.95,60.23,1.89,2.46,68.6345,41.6253,3303.177594
79,13.49,0.85,2.57,38.37,1.24,2.06,38.7552,33.0898,1711.01725
80,18.49,1.68,2.93,30.18,1.13,2.07,57.6938,25.7046,1973.661172
81,13.46,1.17,2.92,56.97,0.89,1.97,43.9491,40.6235,2045.667047
82,20.52,1.64,2.36,30.58,2.14,2.31,42.6946,50.5433,2932.566097
83,15.96,1.64,3.24,58.07,1.22,2.22,36.8865,30.9315,2922.134713
84,16.69,1.46,3.09,64.31,1.2,2.17,42.8828,39.6078,2339.460352
85,20.25,2.47,2.51,34.93,1.04,1.67,51.6927,40.1957,3760.126283
86,18.8,2.31,2.57,51.96,1.63,2.09,37.6041,47.7696,5293.169249
87,20.23,1.68,2.17,60.08,1.81,2.16,41.0443,41.3989,5164.078629
88,16.8,1.49,2.94,33.29,1.38,2.15,63.1007,28.2445,2030.685607
89,16.59,1.54,2.56,33.49,1.18,1.84,47.5118,29.095,1977.577029
90,16.34,1.55,3.1,49.21,1.01,1.95,35.0714,42.5865,3510.127171
91,17.41,1.28,2.9,20.37,1.43,2.12,38.4945,29.8055,562.7536605
92,17.04,1.76,3.04,51.72,0.79,2.08,40.6523,10.5582,3820.902194
93,14.17,1.62,2.33,76.95,0.94,2.0,49.484,41.0462,489.2412341
94,10.88,0.98,3.4,67.99,0.6,2.01,41.3053,48.5825,735.2219765
95,13.92,1.1,2.48,32.28,0.8,1.53,40.1763,16.309,1179.765544
96,13.45,1.35,3.37,77.02,0.46,2.03,43.7875,28.5771,418.7773612
97,18.03,1.97,2.43,59.24,1.65,1.67,86.9199,29.7696,3903.963034
98,16.53,1.46,2.09,56.93,1.12,1.95,46.5274,58.2904,3254.612211
99,12.26,0.67,2.76,69.9,0.37,1.78,19.2262,47.4788,739.7280834
100,12.85,1.11,4.5,69.82,0.2,2.54,76.7294,19.8647,811.3686826
101,18.31,2.1,2.82,40.04,1.72,2.27,57.5077,32.0433,3969.947752
102,16.79,1.92,3.36,59.23,0.93,2.24,-1.7619,68.3654,3100.979317
103,9.87,1.17,3.41,75.55,0.38,2.08,43.5581,32.295,296.5137108
104,12.07,0.65,3.83,50.43,0.24,1.93,90.0,14.5081,1761.793957
105,13.87,1.53,2.76,59.46,0.3,1.59,47.9301,32.397,1911.348967
106,18.33,2.19,3.16,42.78,0.86,1.82,32.4032,33.1256,4176.786718
107,13.37,1.07,3.61,39.07,0.96,2.1,89.4908,23.9049,1722.206916
108,13.78,1.33,2.54,43.76,0.43,1.22,38.5764,56.7451,2128.845154
109,14.6,1.35,2.21,72.28,0.96,1.73,35.7142,44.7308,873.473856
110,9.2,0.68,2.91,47.79,0.34,1.55,35.6219,39.0088,1165.558805
111,10.71,0.59,2.86,46.15,0.86,2.02,26.9013,41.6664,1464.571466
112,16.55,1.42,2.62,76.03,1.15,2.0,44.1359,22.9205,774.582415
113,23.85,2.57,1.21,-10.5,2.39,1.34,23.4344,54.6291,2.71353485
114,17.62,1.79,2.74,61.75,1.41,2.14,40.3376,39.1035,3188.882991
115,19.98,2.14,3.09,46.55,1.84,2.37,50.6652,34.4624,6215.259287
116,19.39,1.76,2.73,36.73,1.44,2.1,6.6164,83.6153,3770.340881
117,19.38,1.67,2.18,49.64,1.72,2.0,68.9832,32.8434,5726.952322
118,11.86,0.94,4.13,65.22,0.32,2.28,75.1207,20.1898,1021.84392
119,16.99,1.56,3.06,29.86,0.86,1.61,25.6584,40.756,1510.613559
120,14.83,1.68,2.78,42.27,0.82,1.8,32.2467,54.1981,2447.385065
121,13.73,1.01,4.37,86.28,0.52,2.69,-9.3614,58.4092,113.6731695
122,18.26,1.52,3.21,31.53,1.04,2.15,35.766,27.0991,2124.206372
123,15.81,1.52,2.47,57.97,1.6,2.17,41.5712,48.6424,2937.416162
124,11.99,1.23,3.86,29.76,0.33,2.01,37.6968,34.1247,699.0347214
125,14.52,1.29,3.39,34.97,1.17,2.03,12.3818,68.3994,1623.177748
126,11.39,1.11,3.39,58.45,0.37,2.01,39.7223,50.8977,1389.166744
127,11.93,1.22,2.7,34.35,0.63,1.44,44.0643,34.1043,1031.528536
128,16.41,1.42,2.75,48.19,1.14,1.8,26.377,57.5782,3541.343025
129,14.76,1.07,3.38,49.63,0.73,1.89,48.217,37.8026,2710.215938
130,14.18,1.64,3.79,55.69,0.98,2.44,45.2754,46.6813,2399.872701
131,13.64,1.53,3.4,37.02,0.77,1.74,40.063,44.8253,1598.53106
132,12.73,1.33,2.36,55.95,1.19,1.74,36.742,32.6767,1947.91304
133,10.25,1.4,3.59,52.02,0.39,1.83,33.3988,35.8749,1390.007239
134,13.25,1.57,3.46,65.91,0.8,1.98,45.6778,48.3124,1249.05983
135,20.54,2.06,2.8,47.15,1.71,2.18,11.8254,46.5134,6704.042101
136,11.47,1.14,3.35,69.35,0.64,1.97,77.3677,22.8848,717.1732553
137,12.16,0.76,4.22,45.38,1.38,2.82,33.1819,32.8351,1849.433674
138,18.16,2.03,2.74,36.43,1.62,1.95,39.9074,44.2684,3166.875607
139,9.2,0.85,3.65,62.92,-0.25,1.79,48.1533,57.7716,775.5167498
140,8.73,0.61,3.4,46.11,-0.06,1.54,66.1028,20.1887,1033.239493
141,13.5,1.44,3.48,47.55,0.63,1.98,31.3754,43.2608,2242.55319
142,15.7,1.68,2.59,72.9,1.08,1.83,-2.7542,69.0862,976.1567657
143,16.0,1.39,2.93,36.56,0.75,1.91,73.7013,27.4081,2166.210818
144,20.18,1.98,2.48,69.95,1.29,2.03,40.7439,44.2634,2529.45737
145,9.24,0.72,2.63,48.4,0.49,1.43,34.9699,31.1366,1192.60491
146,15.02,1.94,3.58,42.68,0.83,2.13,49.2614,41.0416,2570.867294
147,12.58,0.97,3.33,66.0,0.06,1.66,16.9192,46.2068,1052.009316
148,9.81,0.26,3.59,79.18,0.8,2.59,-4.2157,65.3328,187.5932287
149,9.97,1.04,3.18,54.66,0.23,1.78,48.2248,48.9952,1255.203934
150,16.35,1.39,3.25,49.33,1.24,2.37,66.3288,56.6805,3561.992347
151,15.7,1.56,2.17,66.75,1.03,1.68,81.9109,31.1275,1692.298469
152,17.06,1.51,2.92,35.49,1.32,2.08,40.4854,43.0881,2457.93636
153,14.2,1.21,3.92,51.71,0.83,2.41,33.8457,44.0979,2514.658931
154,15.87,1.43,2.72,59.24,1.27,2.09,40.0262,36.4592,2748.229444
155,6.48,0.39,3.68,81.87,-0.14,1.87,70.9516,32.5518,75.21518841
156,14.24,1.51,3.47,43.31,0.71,2.21,82.4114,22.202,2299.227895
157,13.31,1.17,2.53,67.55,0.67,1.59,39.3969,41.8957,1089.161058
158,17.2,1.87,2.75,44.12,1.18,2.0,63.7582,44.8606,3749.779943
159,10.51,1.27,3.48,74.89,0.28,1.92,29.328,33.6698,349.2156477
160,17.96,1.82,2.4,44.88,1.71,2.15,38.505,51.922,4417.313562
161,19.86,1.92,2.14,77.04,0.4,1.25,51.4795,49.1533,1057.261254
162,14.9,0.88,2.59,36.2,1.65,2.14,30.9097,42.0009,1901.478612
163,17.65,2.06,2.63,62.7,1.4,2.02,28.4327,22.83,3060.551966
164,17.73,1.62,2.54,40.61,1.79,2.09,67.2877,24.3711,3711.825183
165,19.16,1.87,1.76,35.96,1.53,1.51,59.7471,46.0584,3514.686822
166,17.49,1.66,2.78,52.07,1.42,2.15,17.326,47.7072,4235.93405
167,16.18,1.77,2.65,35.03,1.04,1.61,60.8481,22.7102,2075.186478
168,9.79,0.91,3.24,50.67,0.55,1.92,46.8432,32.5571,1309.706537
169,14.78,1.18,2.37,61.85,1.4,1.94,38.9016,48.7906,2077.485573
170,22.14,2.37,2.21,37.26,1.88,2.16,30.6295,48.747,6047.418084
171,14.76,1.21,2.35,50.28,1.51,1.92,54.9647,32.373,2877.826882
172,16.3,1.19,2.12,84.58,1.94,2.55,37.0031,37.3807,240.4175328
173,14.6,1.17,1.87,42.98,1.28,1.51,6.3624,47.8556,2469.385807
174,17.52,1.35,3.28,40.74,1.23,2.29,6.076,42.6493,3453.41305
175,17.92,1.94,2.81,39.43,1.7,2.08,41.7889,55.5276,3627.386253
176,12.54,1.14,3.93,54.03,0.24,2.16,43.1417,35.6772,1841.531373
177,15.52,1.01,3.71,70.25,0.94,2.46,38.3617,52.745,1199.92321
178,12.89,1.26,3.21,56.19,0.95,2.11,40.8659,54.9101,1942.217302
179,13.86,1.25,2.16,62.95,1.05,1.92,45.8904,47.9215,1670.35701
180,16.9,1.88,3.19,53.89,1.24,2.23,72.5817,24.2802,3776.938
181,14.18,1.18,3.27,74.31,0.89,2.14,35.0925,45.7549,656.7312917
182,11.62,1.29,3.56,51.21,0.33,1.95,35.4029,41.367,1687.082897
183,14.27,1.7,2.58,47.1,0.81,1.57,76.2128,18.2885,2540.090807
184,15.67,1.32,3.17,53.23,0.84,1.92,33.9985,45.3441,3062.554203
185,18.36,1.75,2.18,41.26,1.82,1.97,44.0676,26.7859,4199.645598
186,15.63,1.48,3.42,38.13,1.13,2.04,43.2305,50.7461,2316.175338
187,15.47,1.67,2.35,74.76,0.94,1.74,48.4401,32.3998,763.5762415
188,8.8,0.95,3.67,87.54,0.36,2.28,31.9364,44.8338,44.86173807
189,16.35,1.67,3.2,44.5,0.84,2.01,30.6637,46.1006,3258.499533
190,17.4,1.65,1.88,27.97,0.46,0.9,33.3977,39.7217,1301.371449
191,17.19,1.7,2.61,35.62,1.17,1.91,50.3037,42.2606,2512.142529
192,15.94,1.64,2.14,42.74,0.63,1.03,50.7197,31.4991,2871.031676
193,10.04,0.74,3.17,74.96,0.98,2.09,39.5147,48.8828,335.5072968
194,11.78,1.21,3.3,36.6,0.75,2.01,23.7041,32.2438,1182.1746
195,14.57,1.41,3.38,58.86,0.36,1.88,38.6767,41.7269,2171.845022
196,13.53,1.16,2.67,34.5,0.71,1.32,53.1814,54.7758,1316.344579
197,12.22,1.36,3.09,71.08,0.86,2.03,3.0353,42.9343,695.3550023
198,12.86,1.31,3.2,50.36,0.04,1.63,42.9758,32.181,1980.419721
199,14.69,1.36,2.24,25.28,0.68,1.25,25.5777,50.1869,667.1649929
200,13.79,1.66,3.71,62.7,0.75,2.45,26.4144,46.5508,1663.048306
201,13.71,1.2,2.71,49.11,0.92,1.93,40.4605,43.3451,2371.173406
202,11.61,1.21,3.89,52.33,0.34,2.03,53.9948,39.9937,1666.69035
203,13.44,1.32,2.87,36.37,0.27,1.36,59.2637,39.6049,1431.226494
204,13.43,1.13,3.44,51.75,0.95,2.0,15.9754,59.5056,2266.329436
205,11.38,1.16,2.26,45.25,0.45,1.48,34.9239,45.8748,1561.547308
206,16.65,1.74,2.74,47.34,1.14,1.77,51.9745,33.3963,3670.540401
207,15.82,1.22,1.81,48.74,0.87,1.29,65.7289,37.7206,3190.473373
208,19.08,1.84,2.73,49.56,1.38,2.24,38.6247,59.4802,5385.471703
209,13.37,0.92,2.69,42.26,1.02,1.74,24.7809,44.0003,1970.96811
210,11.88,0.89,3.05,43.18,0.53,1.54,19.6308,37.3839,1584.40259
211,10.29,1.05,3.6,41.11,-0.23,1.6,11.7737,60.95,1114.521963
212,12.57,1.31,3.64,48.9,0.9,1.99,45.2921,36.9439,2014.695492
213,17.06,1.46,2.69,27.81,2.09,2.23,36.5355,19.4859,1363.090297
214,9.66,0.96,3.49,83.63,0.36,2.09,40.065,48.4515,95.73161459
215,14.38,1.38,2.95,60.16,1.49,2.28,58.3259,28.2327,2159.999174
216,11.44,1.06,2.84,44.67,1.1,2.06,-5.4258,54.9937,1623.866681
217,9.78,0.57,3.72,77.4,0.16,2.31,42.3662,42.4916,226.8756334
218,14.95,1.49,2.59,47.49,1.31,1.94,-10.0,59.405,2899.042852
219,9.6,0.4,3.33,52.08,0.89,2.1,30.714,50.3446,1274.832382
220,20.83,2.19,2.57,82.77,1.96,2.43,45.4153,33.7498,625.4011115
221,14.0,1.48,2.59,58.35,0.95,1.67,24.7121,50.4818,2134.004514
222,14.27,1.63,3.11,74.31,0.65,1.98,18.5411,44.9152,661.2821043
223,16.53,1.39,2.52,28.62,1.13,1.6,44.1267,45.9438,1276.611559
224,17.62,1.69,2.19,33.65,1.47,1.79,34.8238,47.9653,2377.95034
225,21.89,1.66,1.86,39.58,1.69,2.03,25.4622,35.7338,6385.367076
226,13.34,0.83,2.56,29.32,1.12,1.76,-1.524,65.3932,850.6860597
227,16.29,1.6,3.2,38.23,0.87,1.86,36.9968,35.6915,2520.03697
228,13.44,1.2,2.98,86.55,0.84,2.32,45.2856,46.2306,107.1789675
229,17.21,1.41,2.05,55.24,1.88,2.15,41.6208,43.1056,3965.301822
230,16.89,1.52,2.61,44.91,1.63,1.96,0.6981,72.1375,3746.541679
231,15.56,1.99,2.78,49.86,1.26,1.89,33.6256,39.9964,3241.932141
232,17.33,1.94,2.58,69.48,1.7,2.1,38.7731,36.9363,1807.059354
233,17.68,2.38,3.71,64.66,1.2,2.56,36.0837,41.1765,2706.939706
234,15.46,1.37,2.91,52.28,1.14,2.13,43.7597,35.6523,3077.843796
235,16.64,1.61,2.97,47.64,1.22,2.07,34.9358,49.7719,3686.358119
236,11.75,1.08,3.48,42.64,0.86,2.26,44.282,22.3382,1573.669557
237,12.59,1.08,3.36,29.74,0.42,1.68,39.1936,29.7454,761.6109414
238,14.78,1.55,3.89,63.01,0.65,2.51,40.3012,29.2166,1862.921224
239,13.74,1.9,3.42,61.13,0.72,2.1,49.4325,46.2017,1807.722558
240,12.24,1.25,3.44,55.1,0.8,2.31,58.5816,50.6026,1801.423645
241,13.22,1.35,2.28,54.15,1.23,1.88,73.2134,27.3308,2187.046818
242,15.98,1.34,3.35,28.91,1.38,2.31,27.8219,42.5741,1233.205123
243,14.64,1.69,2.99,72.94,0.82,2.1,48.1732,37.8399,820.1150495
244,11.81,0.8,3.09,55.35,0.62,1.91,49.3289,48.3537,1642.41151
245,9.99,0.95,2.98,44.3,0.89,1.8,49.3809,27.4432,1284.692443
246,15.71,1.71,3.01,40.42,0.6,1.64,-6.0219,58.4913,2540.858746
247,15.72,1.2,2.51,38.58,1.34,1.97,40.2279,49.6722,2421.06191
248,15.76,0.98,3.32,43.93,0.53,2.19,40.3214,44.8985,2830.237615
249,13.89,1.51,3.07,39.89,0.46,1.74,33.086,44.3157,1884.420119
250,14.25,1.34,3.15,55.66,1.09,2.23,42.49,49.139,2421.873468
251,6.68,0.24,3.93,26.2,0.7,2.14,39.8674,13.0141,228.4217017
252,13.84,1.49,3.08,52.98,1.07,2.12,38.0746,47.4526,2417.34814
253,11.66,1.23,3.16,41.27,0.86,1.84,34.7114,35.3102,1484.675726
254,10.41,0.94,2.74,40.45,0.21,1.28,54.4268,16.6443,1135.753353
255,12.77,0.85,3.64,53.14,0.73,2.24,57.0375,39.1489,1983.040131
256,18.84,2.43,3.28,61.24,1.51,2.37,31.9727,56.5461,4000.196995
257,12.56,1.5,3.67,44.06,0.89,2.11,78.0871,25.295,1871.857486
258,18.12,1.68,2.92,69.68,1.32,2.19,36.9989,50.5791,1919.339826
259,13.24,1.24,3.09,30.13,1.62,2.1,57.9647,49.8351,948.0475721
260,10.3,0.5,3.78,15.61,0.48,2.1,62.4767,45.2823,92.92396953
261,12.35,0.91,2.8,35.57,0.28,1.69,28.516,60.4191,1151.302877
262,15.32,1.3,2.14,41.65,1.06,1.42,70.0303,36.9107,2581.338011
263,18.59,1.98,1.91,56.49,0.92,1.57,44.7521,39.0911,4428.59736
264,16.02,1.18,2.41,46.45,0.98,1.75,34.5225,25.8975,3220.398936
265,21.74,1.89,2.71,52.49,2.71,2.84,43.1283,36.4445,8554.267033
266,14.73,1.37,3.32,39.74,0.64,1.89,16.7028,39.7215,2128.352601
267,17.24,1.89,1.94,60.78,0.52,1.18,20.9185,68.3879,2990.910033
268,11.41,0.77,3.68,46.48,1.12,2.17,44.77,36.5716,1665.094059
269,16.25,1.49,2.84,35.52,0.96,1.76,41.2098,40.8086,2137.623337
270,11.47,1.23,3.74,67.19,1.04,2.3,46.9992,43.0651,885.3588434
271,12.68,1.02,3.52,37.33,0.64,2.03,38.3897,40.9996,1386.08845
272,15.07,0.99,3.27,47.99,1.15,2.47,89.7934,39.5228,2886.853973
273,15.22,1.4,3.24,55.21,0.96,1.94,36.0498,35.1561,2794.562575
274,10.92,1.05,3.48,59.51,0.52,1.84,41.0699,41.5716,1254.610117
275,17.49,1.2,2.2,22.34,1.06,1.37,44.4425,31.0204,717.0724475
276,9.93,0.88,3.39,45.77,0.0,1.87,37.5732,27.6492,1232.207107
277,12.53,1.3,2.78,55.54,1.08,2.26,7.3895,45.296,1896.812571
278,5.4,0.64,4.45,72.01,-0.26,2.08,34.6455,41.5037,216.6025466
279,17.27,1.5,2.59,46.97,1.51,2.12,20.2381,42.6236,4069.598107
280,21.57,2.52,3.21,30.83,1.4,2.08,77.4702,19.9612,3389.884727
281,10.63,1.46,3.14,20.64,-0.09,1.28,32.8887,28.4258,200.0112283
282,14.9,0.75,2.26,37.08,1.07,1.65,39.4562,39.3593,1917.240836
283,12.14,1.13,4.7,62.07,0.68,2.66,43.1206,23.8606,1334.19131
284,15.66,1.68,2.22,53.52,0.77,1.59,41.4654,47.0877,3060.43377
285,14.2,1.58,3.16,68.35,0.47,1.94,32.3294,43.5091,1155.445208
286,15.43,1.5,2.08,54.6,0.95,1.34,39.9049,25.4578,2922.31426
287,10.3,1.16,4.09,64.46,-0.13,1.95,39.0717,37.2328,838.5846772
288,9.74,1.0,4.09,71.35,-0.21,2.01,37.7674,33.2598,435.6692543
289,19.22,1.48,2.72,51.81,1.68,2.2,55.5452,37.7509,5514.4537
290,17.22,1.98,1.61,69.3,1.54,1.42,34.4683,55.3406,1790.510739
291,11.35,1.33,3.13,49.24,0.44,1.88,46.3605,19.0221,1641.150852
292,15.46,1.73,3.14,57.4,0.81,2.04,55.8195,35.6134,2708.867883
293,14.21,1.54,2.64,68.61,1.08,1.9,68.5939,28.3908,1180.067784
294,17.78,1.53,2.48,43.15,2.32,2.39,33.2531,49.0748,4255.810191
295,11.55,1.33,3.26,53.7,1.03,2.39,55.3944,36.7439,1710.903836
296,17.27,1.92,3.05,41.0,1.26,2.15,86.2992,16.2756,3435.245984
297,11.31,0.58,3.75,42.39,1.03,2.43,40.9843,36.465,1462.620038
298,16.36,1.68,3.47,36.42,1.33,2.63,77.7461,18.8286,2376.807968
299,18.51,1.65,2.06,52.81,1.48,1.64,39.8365,50.8173,4877.945092
300,12.91,1.21,2.75,66.05,1.29,2.01,43.8732,38.8575,1208.416645
301,17.29,1.96,2.85,45.41,1.39,1.96,41.4806,58.4937,3988.667404
302,15.88,1.35,2.87,64.63,1.47,2.31,44.5893,37.7871,2075.829714
303,16.57,1.77,3.08,36.59,1.53,2.31,30.0622,36.3942,2516.667008
304,14.08,1.24,3.44,49.67,0.4,1.6,55.1502,19.5603,2414.365099
305,16.25,1.77,3.73,56.55,0.94,2.23,18.7239,29.4152,3150.207691
306,14.5,1.25,2.74,47.95,0.94,1.67,-6.7698,40.5281,2643.836476
307,11.58,0.99,3.74,77.44,0.89,2.6,40.6015,42.4607,310.6441531
308,16.15,1.15,2.51,65.51,1.26,2.17,40.0256,45.0783,1986.970082
309,17.12,1.7,2.55,49.69,1.67,2.12,47.3895,21.6018,4138.096324
310,18.95,1.64,1.74,49.67,1.75,1.68,44.6564,47.3206,5395.870335
311,15.51,1.09,3.11,42.08,0.91,2.0,58.7886,28.5934,2651.050874
312,18.7,2.48,2.31,71.17,1.7,2.38,53.4006,36.7777,1907.525216
313,18.0,0.96,3.33,23.6,1.64,2.58,61.7401,48.5132,931.6569751
314,13.5,1.0,3.64,37.02,1.02,2.18,88.7722,31.8981,1571.388395
315,17.84,1.77,2.69,57.2,1.48,2.07,41.833,36.6731,4025.243033
316,14.5,1.52,2.48,62.6,0.67,1.49,49.294,27.8352,1833.785421
317,11.79,1.28,3.33,52.69,0.2,1.58,22.4206,24.6346,1692.087487
318,14.24,1.48,3.45,28.59,0.86,1.93,46.7694,30.4392,902.2542202
319,14.11,1.55,3.57,62.81,0.62,1.85,0.7444,51.6282,1707.514494
320,13.89,1.16,2.32,46.07,0.91,1.56,22.1789,36.3656,2347.515303
321,14.41,1.27,2.79,34.1,1.58,1.94,17.3109,46.6286,1545.288125
322,16.05,2.17,3.17,24.66,0.29,1.56,18.5979,48.2593,751.8381761
323,11.83,0.87,3.01,62.72,0.65,1.93,43.0708,36.6766,1219.730158
324,11.59,0.97,3.39,26.32,0.95,2.19,35.9585,34.9145,484.8913752
325,15.45,2.05,3.54,67.43,0.86,2.25,49.627,38.3171,1551.234102
326,10.78,1.42,4.09,72.67,0.25,2.09,4.7885,56.7434,463.4529962
327,11.9,1.14,2.95,51.46,1.14,2.0,36.9915,30.149,1851.625496
328,12.83,0.78,3.6,67.51,1.24,2.59,42.0647,53.3867,1049.501723
329,16.87,1.49,2.62,52.99,1.04,1.89,62.342,31.1944,3714.094273
330,16.49,1.47,2.39,53.66,1.8,2.16,32.6824,42.7496,3677.500662
331,17.4,2.08,2.69,42.81,1.38,2.32,37.1685,48.0732,3791.765964
332,11.36,1.15,3.89,57.7,0.06,1.95,37.7497,43.1198,1393.560622
333,18.57,1.76,3.1,55.76,0.91,2.06,44.3616,48.0048,4476.516378
334,15.11,1.28,3.4,44.4,0.56,2.06,39.6145,43.0062,2637.446124
335,10.33,0.89,4.15,58.37,0.12,1.87,39.1812,34.1622,1169.387201
336,15.58,1.31,3.07,43.25,1.06,2.03,40.4588,43.4545,2831.764298
337,14.86,1.41,2.54,56.44,1.35,1.95,37.1814,29.5493,2640.726139
338,15.93,1.2,2.03,53.25,1.69,1.91,48.4624,38.1238,3366.79641
339,13.86,0.91,3.14,69.91,1.2,2.48,53.2451,35.0319,991.4108157
340,21.01,2.12,3.05,13.1,1.94,2.08,45.5979,35.9596,331.1917235
341,15.56,1.17,2.58,43.94,1.36,2.13,40.9323,38.3883,2931.622468
342,16.6,1.1,3.07,30.53,1.82,2.48,47.2444,18.646,1602.810318
343,14.46,1.71,2.82,53.33,0.98,2.02,58.1442,28.1623,2626.880655
344,15.9,1.36,2.99,24.26,0.48,1.64,39.6278,41.0587,695.2904395
345,11.78,1.1,4.63,65.95,0.57,2.69,34.3768,43.5667,981.2025504
346,21.24,1.79,1.69,36.05,1.86,1.83,58.0499,23.4058,4852.336353
347,15.35,1.01,2.14,71.78,1.53,2.15,38.0395,53.3433,1055.789933
348,13.1,1.23,3.35,45.16,0.39,1.81,41.0173,30.9822,1989.676816
349,18.71,2.16,2.72,42.3,1.5,2.14,41.405,49.2028,4541.778397
350,9.7,0.76,2.92,49.44,0.45,1.73,-1.8954,58.9353,1277.574598
351,8.68,0.81,3.28,55.4,0.0,1.58,50.6108,29.824,1002.715061
352,13.54,0.74,3.2,51.43,0.63,1.96,40.5676,57.5545,2232.638859
353,17.4,1.46,2.58,51.6,1.51,2.25,37.2781,29.0163,4200.647903
354,12.85,1.14,3.12,57.06,1.29,2.18,33.7611,51.3752,1920.147295
355,17.16,1.45,2.3,49.83,1.31,1.92,37.5788,50.8532,4025.599043
356,11.63,1.01,3.14,49.04,0.64,2.1,66.7188,23.9422,1717.698564
357,12.31,1.08,3.05,35.0,0.82,1.89,55.3984,48.5352,1150.935217
358,14.98,1.32,3.41,40.79,0.87,2.14,15.5309,46.0637,2347.126512
359,15.99,1.03,3.72,50.02,1.1,2.46,32.7596,45.4211,3314.886306
360,18.07,2.06,3.19,56.56,1.22,2.29,55.8102,37.0697,4202.396801
361,11.51,1.33,3.74,62.76,0.14,2.02,44.6692,37.0227,1135.712826
362,15.14,1.13,3.2,47.41,0.91,2.12,51.7867,43.9827,2863.759723
363,14.89,1.38,2.93,38.66,1.59,2.11,90.0,30.4349,2209.578311
364,15.05,1.33,2.33,49.8,0.53,1.37,84.4732,6.9491,2807.468756
365,18.52,1.56,2.37,32.46,1.85,1.94,29.6178,56.6772,2522.042149
366,15.82,1.52,1.96,55.3,1.14,1.74,49.8236,19.9368,3086.993618
367,16.7,1.53,2.99,36.69,1.75,2.41,42.368,49.4967,2600.797833
368,14.9,1.55,2.86,70.09,1.22,1.97,12.0486,61.05,1154.550316
369,13.55,1.08,2.84,63.98,0.26,1.67,39.0111,29.4364,1412.738363
370,9.7,0.32,3.33,20.79,0.9,1.96,43.5877,34.6362,185.5056428
371,12.64,1.15,3.42,17.37,1.06,2.02,35.3006,30.5877,180.3642312
372,19.32,2.26,1.75,32.14,2.25,1.82,41.7856,37.2258,2892.803365
373,12.62,1.26,3.44,69.53,1.11,2.42,48.0086,34.1166,863.8668593
374,17.51,1.69,2.19,65.64,1.75,2.15,35.1387,49.4981,2515.090119
375,11.66,1.13,3.38,35.07,0.44,1.82,46.8344,50.7111,1026.954753
376,16.11,1.22,3.18,38.25,1.44,2.26,36.6911,55.115,2532.570553
377,20.06,1.94,3.44,48.17,1.2,2.5,58.3295,27.963,6086.016575
378,16.53,1.45,2.57,51.47,0.96,1.89,44.3288,36.3927,3570.013009
379,13.36,0.83,2.28,41.64,0.61,1.39,32.9231,25.6425,1864.614968
380,15.13,1.16,3.52,33.62,1.0,2.17,-4.468,47.5051,1581.662627
381,17.78,1.77,2.02,40.36,2.08,1.71,36.0356,51.036,3794.042248
382,20.73,1.96,3.04,71.68,1.15,2.18,56.3591,50.4301,2297.209744
383,18.93,1.88,3.01,37.64,1.32,2.0,39.7024,27.7607,3702.403565
384,13.45,1.31,1.74,79.53,1.22,1.82,48.1431,31.2253,319.3486444
385,15.98,2.05,3.7,47.41,0.63,2.02,38.7548,40.1718,3246.648912
386,19.84,2.03,3.38,30.67,1.49,2.29,38.348,43.3798,2587.554653
387,14.61,1.2,2.77,34.97,0.62,1.37,32.4258,34.5549,1579.321127
388,18.61,1.79,2.02,55.2,1.75,1.96,53.6008,39.4803,4853.699105
389,13.66,1.15,3.18,47.23,0.66,1.7,18.4002,42.8215,2271.081018
390,12.94,1.35,3.06,56.18,0.8,1.92,12.9736,49.3147,1940.197811
391,15.43,2.03,3.18,59.2,0.52,1.72,48.8273,42.3733,2489.530092
392,14.73,1.18,3.13,38.56,1.44,2.13,39.6866,40.1739,2113.557542
393,19.35,1.62,2.11,18.59,1.88,1.74,77.5998,22.4762,604.5408267
394,18.04,1.99,2.65,36.92,1.8,2.43,31.6054,41.842,3244.821811
395,16.11,1.44,2.2,42.23,0.72,1.31,21.1154,45.726,2895.323929
396,10.92,1.43,3.39,74.4,0.5,1.81,48.7767,33.228,399.9687918
397,18.32,1.85,2.6,17.8,1.63,1.84,12.3369,47.0941,460.0337542
398,18.25,1.62,3.02,23.09,1.39,2.02,4.8122,68.3022,908.0323404
399,14.0,1.69,3.64,60.33,0.92,2.48,37.535,46.4719,1967.566757
400,16.54,1.56,3.73,57.99,1.21,2.55,46.5357,34.7577,3171.430189
401,16.97,1.43,2.44,53.38,1.39,2.17,53.584,42.2151,3839.251307
402,15.54,1.76,2.27,51.9,1.47,1.92,30.2016,40.0912,3233.854847
403,15.72,1.24,3.13,56.95,0.93,2.25,32.8207,54.244,2841.218122
404,12.04,0.87,3.05,63.83,0.81,2.0,-1.3714,58.1764,1187.663511
405,12.49,0.98,3.3,42.89,0.56,1.78,39.9601,38.9409,1721.07242
406,12.03,0.82,2.96,75.84,1.04,2.31,66.341,35.2578,405.2857224
407,18.05,1.94,2.57,53.36,1.17,2.04,43.1142,23.2013,4475.020243
408,13.57,1.08,3.31,58.1,0.29,1.79,-7.8731,45.4879,1907.811551
409,20.78,2.31,2.52,52.74,1.05,1.98,38.8952,28.4474,6679.678087
410,15.49,1.66,3.09,47.3,0.63,1.87,43.3484,40.2575,2987.360229
411,15.58,1.61,3.11,69.18,0.96,2.15,38.653,57.7966,1357.955626
412,8.77,0.87,2.92,53.78,0.09,1.55,40.485,62.1433,1059.175133
413,12.13,1.01,3.27,63.22,0.2,1.93,46.2055,44.2086,1199.797639
414,14.4,1.68,2.99,33.64,0.82,1.82,36.7334,46.1518,1431.744472
415,13.03,1.09,2.15,76.97,0.56,1.63,35.8638,23.4371,397.3768297
416,20.51,2.44,2.4,51.68,1.01,1.58,27.2689,39.0292,6506.601998
417,17.01,1.25,3.59,31.26,1.05,2.08,11.7573,42.0071,1724.181056
418,15.43,1.23,1.8,30.23,1.87,1.94,35.9886,35.1955,1332.426639
419,16.85,1.2,2.73,40.08,1.41,2.02,39.0382,38.6552,3076.942099
420,16.98,1.21,2.56,39.26,1.47,1.97,32.9627,37.7422,3026.137273
421,13.46,1.69,2.84,47.74,0.66,1.67,52.0252,15.9982,2254.69144
422,13.72,1.1,3.19,41.6,0.4,1.6,21.8216,53.8416,1945.517294
423,13.46,1.33,3.51,34.31,0.8,1.81,38.5415,29.783,1298.713721
424,16.4,1.39,2.52,61.87,1.32,1.82,31.7767,45.2706,2616.210571
425,17.96,1.56,3.17,58.01,1.51,2.55,7.623,72.0728,3966.636065
426,16.51,1.31,2.61,30.5,1.27,1.82,39.3604,31.03,1528.360445
427,7.45,0.18,2.52,49.15,0.8,1.85,37.6541,15.5182,933.4669777
428,13.36,1.27,3.13,26.97,0.77,1.75,34.0837,39.2107,666.0859272
429,14.16,1.5,2.86,35.57,0.73,1.73,33.2778,53.3624,1565.035799
430,14.18,1.42,3.49,49.23,0.69,2.06,65.9385,50.505,2510.49685
431,17.96,1.66,2.71,56.94,1.52,2.35,46.1891,25.5383,4126.923581
432,11.54,0.58,4.35,70.31,0.07,2.49,45.155,43.1627,627.8431141
433,15.41,1.64,3.33,78.08,0.96,2.51,23.5119,41.1177,506.6965083
434,17.13,1.79,3.04,26.11,0.9,1.73,42.3692,38.1113,1067.477332
435,19.18,1.69,3.47,33.43,0.98,2.04,29.7981,70.0141,2824.576169
436,15.19,1.16,3.22,54.43,0.41,1.75,-1.0589,39.3409,2704.065349
437,9.97,0.92,3.05,50.79,0.06,1.44,44.9521,40.8042,1296.277576
438,17.2,1.47,3.21,-1.5,1.93,2.21,57.4052,38.5851,9.854246707
439,14.71,1.31,2.23,53.86,1.76,2.18,33.8564,53.0081,2819.957257
440,13.8,1.1,3.7,47.23,0.47,1.95,40.379,40.8472,2281.608168
441,13.67,1.3,3.09,80.77,1.19,2.2,34.5923,44.9732,277.31906
442,12.52,0.92,3.94,54.23,0.48,2.31,8.0106,47.2798,1848.658832
443,17.39,1.28,2.07,56.25,1.69,1.93,41.4849,42.1715,3891.443389
444,17.91,1.73,1.73,60.67,1.85,2.17,39.4384,36.7647,3618.604843
445,12.07,0.58,3.25,29.95,1.12,1.95,84.3616,30.6892,747.3455333
446,14.54,1.48,3.56,37.59,0.61,1.89,30.2396,39.7201,1855.574687
447,11.47,1.18,2.5,62.05,0.9,1.71,39.2003,44.0509,1235.473469
448,16.42,1.51,2.33,45.27,1.37,1.71,50.7405,35.9482,3463.458998
449,14.63,1.14,3.75,52.11,1.01,2.47,42.5752,50.3592,2694.78052
450,17.24,1.85,2.47,45.24,0.86,1.45,40.3868,39.3507,3789.443633
451,17.65,1.78,3.8,53.36,0.8,2.39,36.4617,23.5081,4095.363707
452,18.35,1.84,3.27,44.77,1.29,2.46,20.0776,59.592,4528.883757
453,11.43,0.96,2.8,47.43,0.22,1.43,38.4237,31.4944,1596.210651
454,7.81,0.83,3.83,71.55,0.07,2.26,28.4904,37.4907,329.3373766
455,9.97,1.09,3.71,53.32,0.71,2.12,34.2266,36.0641,1332.917918
456,13.23,0.89,2.89,81.81,0.71,1.85,41.2184,53.3179,214.2968986
457,16.8,1.22,2.51,52.01,1.04,1.98,42.2191,17.8666,3692.108968
458,15.55,1.62,3.26,52.56,1.86,2.62,38.4539,71.9186,3291.478442
459,16.56,1.64,3.67,22.73,1.04,1.91,36.8553,51.6612,666.4281587
460,16.02,1.36,2.44,42.28,1.08,1.75,-7.5413,58.8718,2930.268924
461,17.16,1.58,3.13,71.88,1.56,2.67,39.6399,39.5771,1379.264129
462,10.69,1.2,3.21,42.76,0.32,1.72,55.9648,37.2679,1311.675303
463,14.6,1.31,3.16,33.77,0.72,2.0,34.2851,47.2114,1460.053613
464,17.78,1.9,2.75,37.07,1.38,2.0,43.398,45.2629,3056.975275
465,16.42,1.97,3.21,40.28,1.09,2.16,13.067,54.9826,2915.120768
466,16.5,1.9,2.91,49.27,0.59,1.61,42.6097,39.9824,3519.609291
467,18.69,1.8,2.85,32.73,1.77,2.04,15.5611,46.5802,2646.535073
468,16.77,1.25,3.2,53.3,1.08,2.27,65.8263,29.4481,3632.530542
469,13.47,1.18,2.99,84.73,1.19,2.17,12.2356,47.7685,148.5223414
470,15.79,1.69,3.02,41.52,1.01,2.09,38.8292,51.7475,2769.151676
471,14.16,1.67,3.41,55.03,0.61,2.13,39.5544,46.0915,2369.538579
472,11.32,0.84,2.67,52.78,1.18,1.92,85.3112,-5.2628,1671.342328
473,21.91,2.58,2.76,51.16,0.82,2.03,40.105,46.5223,7887.843585
474,17.53,1.6,2.38,68.05,1.21,2.12,9.7246,52.5438,2009.943412
475,19.93,1.65,3.31,29.77,1.4,2.54,37.7998,40.583,2377.710696
476,11.51,0.74,2.56,66.73,0.95,1.87,41.9266,35.4405,905.2237762
477,17.09,1.81,2.3,23.67,0.84,1.27,5.0358,63.4786,798.2021671
478,17.17,1.46,2.18,18.67,1.48,1.92,36.7744,50.6042,432.7746903
479,15.45,1.66,3.4,63.84,1.34,2.42,50.949,28.4391,2052.027604
480,15.57,1.7,2.7,40.5,1.16,1.84,8.7222,55.0178,2599.553932
481,17.08,1.42,2.51,43.09,1.67,2.26,47.7497,27.571,3661.146072
482,19.04,1.93,2.72,36.45,1.45,2.24,86.9103,9.7852,3542.725675
483,9.54,0.9,3.25,58.89,0.8,1.96,87.3489,17.1607,1074.157708
484,15.43,1.71,3.16,37.46,1.19,2.17,35.8966,50.0601,2192.585452
485,12.2,1.38,3.23,40.15,0.13,1.47,-3.4644,64.7438,1456.153249
486,19.22,2.28,2.35,59.32,2.21,2.44,21.8564,51.4811,4841.552519
487,16.52,1.45,2.61,87.6,0.9,2.1,41.0823,46.8722,141.0821216
488,14.36,1.66,3.6,40.41,0.5,1.94,24.9004,50.4467,2077.182165
489,14.15,1.59,3.4,27.24,0.61,1.8,41.2878,33.1345,765.8549669
490,19.49,1.76,2.98,45.4,0.99,1.87,55.2646,38.9766,5274.464144
491,18.37,1.61,2.25,34.78,1.34,1.83,-3.2649,63.1468,2835.461394
492,9.57,1.02,3.44,59.36,0.53,2.14,29.7594,51.1271,1041.339381
493,15.72,1.87,3.0,17.33,1.06,1.82,73.8909,40.0273,283.9539159
494,13.0,1.42,3.03,64.91,0.62,2.01,67.0407,37.6188,1271.336313
495,17.75,1.74,2.35,65.85,1.26,1.86,45.0177,41.7583,2479.831068
496,14.39,1.15,3.2,26.95,1.35,2.21,73.6355,38.9291,800.3606115
497,21.15,1.82,2.27,34.28,1.8,2.13,37.1991,40.7151,4236.373112
498,14.44,1.39,3.25,36.68,0.92,1.89,39.6359,31.3087,1767.765012
499,16.5,1.71,3.12,44.53,0.92,2.02,38.0734,39.0436,3353.632483
500,18.62,1.69,3.3,48.44,1.44,2.38,36.7671,33.6825,5008.841347
501,12.91,0.86,2.84,52.21,0.95,2.0,29.4754,36.9318,2079.698881
502,12.15,1.27,3.4,63.72,0.9,2.09,25.6091,43.5916,1236.646904
503,13.25,1.32,2.84,58.49,0.61,1.89,69.7426,21.6659,1851.618362
504,11.37,1.01,3.74,42.46,0.74,2.05,46.4931,34.6478,1467.172126
505,15.39,1.15,2.87,46.99,1.51,2.28,42.9343,20.0369,3080.665139
506,18.16,2.17,2.83,89.85,2.01,2.7,44.7964,40.4542,132.1736257
507,17.6,1.71,3.08,35.66,1.8,2.38,40.8568,39.7122,2794.926492
508,21.77,2.19,2.4,41.63,2.0,2.37,35.9089,33.261,7112.902837
509,13.87,0.91,3.25,42.45,1.3,2.42,83.7228,31.2895,2175.143279
510,18.76,2.26,2.93,49.99,1.27,2.33,79.8297,35.4353,5162.742563
511,18.02,1.39,1.76,43.8,1.23,1.44,49.8613,20.4729,4141.686565
512,18.18,1.86,1.59,33.9,1.63,1.27,14.7978,41.1935,2666.798904
513,10.25,0.89,4.2,88.16,0.73,2.9,77.1844,19.2941,50.79013757
514,19.12,2.03,0.96,58.54,1.58,1.75,45.1623,28.7942,4675.107684
515,11.03,1.0,4.27,59.3,0.1,1.94,41.9203,47.6226,1246.518313
516,18.83,1.64,2.34,42.84,2.12,2.07,41.213,37.6372,4845.699884
517,15.07,1.81,3.51,60.86,1.04,2.21,40.4352,37.2025,2260.664841
518,14.61,1.19,2.92,55.23,1.05,2.05,43.2828,18.8124,2561.510566
519,21.99,2.1,1.87,46.89,2.23,2.15,90.0,28.8542,8549.25572
520,16.72,1.14,2.05,40.65,1.39,1.66,45.8965,25.5436,3085.916928
521,17.48,1.64,2.49,55.58,1.29,1.8,29.8038,44.168,3941.711898
522,14.24,1.06,3.5,45.14,1.03,2.31,45.4448,40.8681,2436.755862
523,10.62,0.9,4.03,41.25,-0.13,1.87,27.8098,57.8731,1180.994604
524,16.0,1.44,3.14,54.15,0.62,1.9,31.9678,29.7231,3123.652135
525,13.0,1.06,3.33,67.52,0.84,2.18,45.0857,8.0249,1054.174367
526,19.18,1.75,2.44,55.4,1.22,2.07,31.4831,44.8194,5037.136541
527,12.82,0.94,3.57,64.33,1.34,2.68,43.9091,56.6369,1337.448657
528,17.39,1.84,3.07,51.15,1.04,1.87,42.8039,51.4081,4112.405619
529,15.73,1.49,3.28,46.89,0.92,2.03,44.1103,40.658,3128.180606
530,16.95,1.9,2.52,17.4,1.23,1.58,34.5903,36.977,346.6257813
531,18.3,1.59,2.2,43.96,1.37,1.75,31.1848,51.1565,4395.55534
532,12.94,0.91,2.21,19.34,1.35,1.47,-6.2992,46.4693,253.7420032
533,16.72,1.57,3.07,38.34,1.44,2.19,27.2496,49.2262,2806.819355
534,17.96,1.78,3.53,67.18,0.85,2.27,41.7181,44.4534,2246.487315
535,14.03,1.44,3.47,45.51,0.46,1.99,40.708,50.3543,2314.039136
536,15.05,1.22,2.06,46.99,1.15,1.45,60.8172,60.3106,2865.870114
537,11.39,1.06,2.56,36.09,0.95,1.74,51.8149,39.7889,1092.875286
538,13.3,1.5,3.79,64.39,1.26,2.79,43.9985,33.5109,1442.756493
539,18.81,1.99,3.48,38.79,1.67,2.3,40.5546,39.5501,3988.848523
540,12.59,0.57,3.22,66.84,0.9,2.08,7.751,33.5964,1037.964085
541,9.78,0.84,3.52,51.95,1.01,2.34,40.9953,32.7045,1338.347252
542,14.82,1.69,3.11,43.1,1.13,2.09,34.1566,37.9524,2570.155907
543,15.6,1.36,1.87,45.59,1.81,1.85,42.8937,33.7463,3184.349011
544,16.5,2.16,3.33,43.94,0.9,2.01,47.6637,38.8413,3339.484831
545,14.73,1.15,3.62,61.13,1.3,2.52,36.1633,33.1187,2125.700732
546,15.75,1.33,3.25,66.65,1.6,2.59,35.9209,52.638,1778.995715
547,16.89,1.74,2.46,55.46,1.52,1.96,36.2043,41.3306,3705.305968
548,13.87,1.39,3.43,47.39,1.37,2.4,44.7757,38.2355,2482.941131
549,15.22,1.54,3.58,45.55,1.45,2.56,15.6032,45.2599,2951.963887
550,18.56,1.75,2.72,57.59,1.54,2.14,33.8958,43.6884,4419.337027
551,16.6,1.4,2.09,22.24,1.05,1.27,39.1253,48.5571,625.8124584
552,18.56,1.88,3.06,21.9,1.32,2.12,69.0723,21.1534,819.5028793
553,13.93,1.02,2.92,45.72,0.64,1.78,36.0374,34.8057,2290.649233
554,12.2,1.27,3.72,29.12,0.77,1.98,-7.5599,53.6087,700.0350386
555,8.23,0.46,3.38,72.33,0.23,2.0,78.5978,13.0321,323.6336509
556,17.83,1.77,2.55,41.57,0.92,1.58,15.9804,40.2143,3698.848265
557,17.42,1.88,2.15,45.7,0.69,1.33,40.8729,34.9323,3876.36811
558,17.97,1.61,2.31,45.26,1.73,1.91,41.5545,48.1998,4447.098564
559,16.35,1.59,2.9,45.79,1.86,2.13,23.7937,48.2978,3597.157043
560,16.03,1.65,2.57,45.43,0.94,1.61,77.9118,28.6668,3203.44198
561,18.41,1.64,3.0,69.27,0.61,2.08,38.9328,48.8825,1968.485996
562,14.6,1.58,2.07,47.5,0.92,1.38,86.2239,22.4479,2688.855093
563,20.86,1.94,2.7,50.54,1.98,2.35,43.6974,42.6105,7261.891374
564,18.56,1.45,2.63,56.4,1.71,2.32,37.5985,39.8083,4611.965461
565,11.49,0.86,3.17,68.32,0.39,1.96,8.0813,53.8252,766.1385455
566,14.46,1.69,3.72,54.51,1.09,2.38,5.3896,46.2861,2590.205569
567,18.36,2.02,2.44,83.69,0.84,1.98,40.9232,15.2887,351.0545567
568,13.73,1.68,3.24,42.16,1.15,2.11,41.3931,38.1696,2133.386277
569,14.42,1.13,2.61,72.39,1.04,2.02,37.5822,55.0737,840.7470461
570,13.51,0.77,2.79,82.46,1.04,2.31,89.7125,31.8628,206.6912072
571,18.07,1.77,2.27,58.85,1.56,2.04,27.2196,54.1271,3938.857172
572,14.29,1.45,3.0,62.35,0.78,1.87,31.8494,55.214,1815.136335
573,10.84,1.24,3.67,45.37,0.17,1.97,47.2557,38.3471,1425.068417
574,13.37,1.01,3.19,58.63,0.47,1.78,83.8699,26.6187,1837.580744
575,13.29,1.26,2.36,70.88,1.13,1.87,37.1209,34.8312,838.8995631
576,12.9,1.42,2.52,56.38,0.59,1.6,41.1373,36.4412,1895.081285
577,15.02,1.85,3.3,43.92,1.05,1.86,83.2028,31.0367,2705.300514
578,14.99,1.36,2.03,67.8,1.92,2.14,41.6204,51.4717,1491.311387
579,14.06,1.13,1.97,61.96,1.87,1.97,39.4273,38.806,1921.534509
580,9.9,0.99,3.19,61.65,0.68,1.8,32.9907,37.9513,988.1928083
581,11.29,1.22,3.49,41.69,0.56,1.84,12.077,49.7783,1399.297759
582,16.25,1.97,2.89,39.06,1.15,1.94,71.1521,35.1088,2699.809785
583,18.56,1.81,1.88,44.93,1.21,1.61,34.6619,27.4298,4654.684703
584,15.63,1.31,3.09,56.59,0.98,2.17,69.481,6.7199,2849.575547
585,12.97,1.23,3.28,54.14,0.74,2.05,41.4805,33.9765,2031.157399
586,16.21,1.43,1.9,39.67,0.99,1.3,72.8915,16.2808,2691.559109
587,10.26,0.78,3.53,57.02,0.27,1.88,39.0483,35.2517,1222.748909
588,14.28,1.59,2.58,47.86,1.31,1.91,33.9291,40.647,2650.106862
589,10.97,0.97,3.55,43.24,0.63,1.85,41.2248,35.0388,1407.871685
590,12.59,1.21,2.62,46.11,0.67,1.59,39.4218,54.7271,1920.144325
591,10.48,0.75,3.22,72.9,0.33,2.1,43.1481,42.1656,427.7566142
592,9.57,1.32,3.34,89.45,-0.1,1.59,1.0843,56.6252,34.98786927
593,12.07,1.22,3.22,55.39,0.36,1.5,33.812,48.3879,1690.176866
594,17.54,1.67,3.61,44.34,0.94,2.23,48.6895,25.5703,3871.397747
595,17.3,1.53,2.69,38.81,1.36,1.85,24.5883,55.7852,3105.082226
596,14.2,1.08,3.36,44.54,0.9,1.76,41.1613,38.8359,2368.956573
597,11.0,1.2,2.87,39.57,0.54,1.5,51.5733,42.6542,1223.284449
598,14.35,0.87,2.51,47.26,0.71,1.64,52.3329,24.9649,2496.394226
599,17.47,1.6,1.99,57.75,1.12,1.74,34.7039,26.316,3634.902281
600,16.48,1.84,2.47,56.75,1.12,1.85,43.9583,46.7935,3287.275741
601,16.1,1.1,2.39,22.59,0.69,1.4,35.9575,45.179,588.1879327
602,17.6,1.81,1.72,28.58,1.31,1.4,43.2384,29.846,1519.871829
603,15.68,1.71,2.86,35.98,1.09,1.79,48.1621,28.4466,2063.446847
604,16.84,1.63,2.85,46.1,1.12,1.83,15.2599,59.9134,3682.683156
605,17.78,1.46,2.87,57.39,1.45,2.17,38.9594,28.4701,3923.901275
606,14.06,1.23,3.18,45.74,0.94,2.02,39.0591,56.756,2401.595187
607,12.26,1.45,2.48,39.67,0.98,1.6,7.6528,42.3153,1531.698769
608,16.57,1.12,3.2,33.51,1.21,1.81,47.7558,43.6694,1955.302845
609,12.16,1.02,3.77,66.9,0.27,1.92,32.424,39.3654,941.7766621
610,10.88,1.07,3.93,41.07,0.07,1.86,44.8961,44.3182,1238.479252
611,20.3,2.09,3.27,55.69,1.34,2.38,71.5833,23.5047,5976.74861
612,15.5,1.44,2.61,47.46,1.3,2.07,44.1095,36.9337,3124.19827
613,11.38,1.49,4.13,80.25,0.4,2.24,44.0626,38.9873,204.4360296
614,16.89,1.74,2.63,56.17,2.07,2.55,58.9247,23.3545,3781.929486
615,17.62,1.4,3.06,32.59,1.38,1.98,24.1872,52.9427,2158.684907
616,17.83,1.39,3.01,55.1,1.15,2.13,52.0916,30.6358,4123.613626
617,17.66,1.85,2.46,59.14,0.98,1.84,39.9388,37.7354,3529.91632
618,21.09,2.54,2.22,26.51,1.53,1.52,43.4507,28.8488,2095.303996
619,18.94,1.74,3.3,55.69,1.49,2.57,40.349,14.2545,4926.049233
620,21.28,2.54,2.32,52.59,1.85,2.14,31.4343,41.0877,7658.969424
621,17.14,1.41,2.9,71.6,0.91,2.16,83.9068,48.7588,1342.59323
622,13.35,1.16,2.94,72.1,0.93,2.39,35.2223,49.5182,738.8770402
623,19.32,1.84,2.55,56.11,1.38,2.01,42.5202,38.9253,5115.691999
624,10.04,1.13,2.7,39.6,0.76,1.6,35.4599,38.9601,1083.272676
625,15.47,1.65,3.22,47.9,1.04,2.13,11.8628,50.0727,3089.846341
626,13.1,1.05,3.82,58.09,0.99,2.59,35.6936,46.9784,1875.160441
627,20.51,2.02,2.96,46.94,0.99,1.88,55.8452,22.6461,6319.437653
628,16.05,1.53,4.16,45.34,0.69,2.42,44.6209,49.5259,3137.098361
629,17.06,1.63,2.5,52.98,1.34,2.0,77.4011,34.0634,3918.258317
630,14.0,1.7,2.54,71.48,1.0,1.98,50.4619,43.5202,879.1455867
631,14.78,1.42,2.75,28.33,1.22,1.8,48.4357,41.4323,972.9470623
632,14.07,1.55,3.44,34.5,0.43,1.7,59.6289,33.3261,1409.196533
633,12.57,0.95,3.08,49.94,1.41,2.28,78.8748,33.1224,2073.270839
634,17.69,1.79,2.38,71.46,1.08,1.91,55.5168,40.4873,1505.819671
635,8.75,0.73,3.96,66.77,0.03,2.12,37.3512,37.3867,569.2381477
636,18.39,1.79,3.08,30.24,1.41,1.72,32.2613,36.9725,2000.283352
637,11.44,1.06,3.3,66.54,0.37,1.88,44.5467,39.4272,879.5860991
638,18.14,1.86,2.8,65.18,0.91,2.15,60.7351,48.2329,2689.942752
639,18.64,1.89,2.04,56.08,1.88,2.09,40.4094,27.4656,4827.214872
640,12.35,1.18,3.0,58.71,1.0,1.8,16.9459,33.3937,1653.324326
641,15.06,1.45,3.42,78.96,0.77,2.36,20.5424,48.4578,421.8353668
642,14.36,1.5,3.35,46.35,0.91,1.98,41.8082,39.876,2545.07261
643,17.64,1.52,2.76,47.39,0.88,1.67,43.0519,40.6653,4128.84312
644,21.35,1.7,1.8,9.46,2.03,1.91,36.6154,43.6241,181.6980445
645,15.17,1.58,3.13,56.96,0.88,1.84,64.5673,29.1694,2640.717902
646,12.62,0.94,2.82,50.28,1.01,2.02,32.1357,57.6511,2032.711824
647,18.86,1.5,2.18,18.02,1.56,1.81,66.2252,14.8121,504.957481
648,17.63,1.64,2.64,65.55,1.72,2.34,37.6448,32.5393,2565.437471
649,13.45,1.25,2.65,28.2,1.41,2.05,38.0587,39.6469,801.5371357
650,14.02,1.16,3.43,77.02,0.63,2.32,81.6369,8.9952,457.8305006
651,13.88,1.17,3.36,42.04,0.83,2.14,38.6426,38.7165,2088.825692
652,8.63,0.75,3.71,54.15,0.41,2.06,30.3861,59.9796,1052.605777
653,11.67,1.28,3.15,56.77,0.86,2.14,66.8273,30.8193,1595.569014
654,15.05,1.41,2.84,46.75,1.08,1.81,52.3162,37.9963,2855.548494
655,11.2,0.85,3.95,52.4,-0.13,1.64,46.3884,25.1624,1503.487194
656,13.55,1.11,4.17,45.58,0.19,2.14,63.392,25.6492,2101.721419
657,9.9,1.09,3.74,89.51,0.19,2.31,38.8159,36.6625,36.81330718
658,17.08,2.09,3.62,44.51,0.77,2.24,26.9319,41.3967,3642.765883
659,19.09,1.92,2.45,49.6,1.67,2.07,38.9116,53.1974,5515.466392
660,21.74,2.43,2.5,19.05,2.06,2.18,41.0705,45.2022,941.1416443
661,14.88,1.33,3.05,81.48,0.41,1.79,41.3835,28.4012,282.0995965
662,19.02,2.07,3.08,30.56,1.33,2.12,39.5876,42.6094,2257.286932
663,7.98,0.42,4.11,50.13,0.47,2.19,71.7889,33.8561,991.4798652
664,18.78,1.79,2.89,51.55,1.6,2.45,52.5229,47.0185,5199.93081
665,17.35,1.34,1.48,51.45,1.1,1.42,38.5567,56.3106,4043.841349
666,16.76,1.55,2.16,23.75,1.42,1.48,77.0099,16.8956,795.3386937
667,18.65,2.02,2.92,65.65,1.11,2.03,40.4983,31.717,2849.638856
668,16.63,1.41,2.83,39.39,1.55,2.32,35.8889,28.8631,2934.577446
669,9.98,0.93,4.11,66.51,0.17,2.5,43.8372,36.3168,703.2805988
670,15.44,1.73,2.61,65.58,1.16,2.02,90.0,27.1636,1804.383919
671,8.81,0.57,3.4,52.81,0.71,2.21,39.2647,50.1307,1121.053597
672,16.8,1.77,3.24,71.1,1.17,2.31,37.0421,40.2757,1381.933964
673,16.78,1.5,2.19,59.16,0.82,1.37,41.8329,36.16,3045.528652
674,15.64,1.36,3.53,30.61,0.86,2.17,37.3712,42.4377,1325.003212
675,17.51,1.61,3.08,37.76,1.37,2.11,41.2525,31.2102,3030.655711
676,18.61,1.93,2.74,29.42,1.67,2.03,44.248,59.4086,1955.331461
677,15.78,1.09,2.34,41.26,0.89,1.53,59.6021,17.0627,2667.57756
678,15.69,1.39,3.04,54.42,0.43,1.66,47.2677,39.3037,2926.914549
679,14.84,1.46,3.18,20.53,1.55,2.24,35.1754,61.9247,404.4793749
680,13.76,1.27,3.34,77.22,0.14,2.11,65.2717,31.2229,417.038603
681,11.31,0.99,3.52,39.01,0.26,1.74,42.4124,37.2553,1214.260306
682,11.3,1.01,3.31,62.95,0.32,1.87,29.6242,40.0571,1093.176293
683,16.5,1.65,3.62,46.19,0.63,2.04,33.3591,40.5204,3398.913258
684,15.8,1.62,2.4,58.3,1.15,2.01,38.8827,54.1195,2813.268159
685,10.27,0.83,3.83,82.07,0.75,2.62,40.5866,17.6761,135.439622
686,18.44,2.07,3.03,55.3,1.1,2.04,36.1359,56.6868,4548.340898
687,10.63,0.9,2.66,41.15,1.1,2.0,50.9523,21.9271,1283.986441
688,16.54,1.53,2.59,33.36,0.55,1.35,-10.0,54.8335,1856.934036
689,16.46,1.39,3.33,47.48,1.46,2.4,43.7948,34.3794,3623.788155
690,17.86,1.8,2.78,45.33,1.3,1.91,20.0964,52.8518,4272.150645
691,16.93,1.79,3.46,35.32,1.6,2.47,40.4608,23.8575,2454.972196
692,11.21,0.75,4.49,54.1,0.1,2.25,44.4082,43.0789,1489.925185
693,15.33,1.27,3.35,37.27,1.12,2.04,13.3608,69.5668,2102.009351
694,16.4,1.48,2.91,27.17,1.07,1.87,53.2622,21.7265,1080.264714
695,9.24,1.28,4.52,20.91,0.86,2.58,57.8016,35.6665,180.9656452
696,22.5,2.56,2.62,33.25,1.5,1.91,35.1266,35.0859,4756.782918
697,20.42,2.02,1.52,38.21,1.86,1.67,13.2959,53.6053,4934.098069
698,12.83,1.28,3.16,64.39,0.4,1.95,36.2182,41.5151,1259.609626
699,10.54,0.97,3.23,54.86,0.33,1.69,40.7686,33.3161,1363.540281
700,15.33,1.12,2.56,38.38,1.1,1.73,21.8753,51.2224,2222.537458
701,15.51,1.11,3.09,66.09,1.5,2.5,45.7141,56.0435,1768.565608
702,13.48,1.03,2.48,26.23,1.1,1.47,42.4836,37.2217,637.1935933
703,13.41,1.13,4.12,46.12,0.62,2.5,43.3107,46.0389,2146.502216
704,14.87,1.39,3.7,67.69,0.91,2.62,32.9385,29.5388,1376.714964
705,19.73,1.85,2.5,41.01,1.62,1.93,43.0502,29.3681,5001.827865
706,9.85,0.67,2.32,46.08,1.06,1.87,46.7614,42.3576,1314.320565
707,16.99,1.96,2.86,21.86,0.88,1.63,81.7255,40.2372,633.2486035
708,14.06,1.06,2.53,3.03,0.41,1.03,68.7318,33.5,15.47356176
709,15.69,1.63,3.21,45.22,1.46,2.5,51.3411,32.9,3147.193012
710,17.12,1.49,2.36,45.12,1.55,2.13,45.5971,38.0339,3864.080623
711,16.79,1.57,2.82,20.46,1.18,1.83,41.1205,27.1038,517.0209308
712,24.65,2.34,1.33,46.77,2.23,1.78,36.4282,47.2953,12568.64413
713,20.15,1.94,3.05,44.65,1.31,2.39,29.7031,52.4273,5861.461184
714,16.16,1.77,3.23,41.04,1.13,2.21,78.2388,22.0955,2895.97414
715,10.96,1.19,3.03,63.11,0.35,1.81,34.8138,37.1148,1038.323291
716,14.21,1.33,2.84,85.7,0.86,2.27,65.8238,33.6204,138.4467572
717,16.48,1.52,2.87,60.62,1.76,2.26,44.8169,33.9469,2922.820756
718,13.38,0.96,2.52,35.86,1.24,1.72,45.269,37.4945,1457.243162
719,19.64,1.9,2.36,38.95,2.56,2.57,33.9919,63.1001,4806.867083
720,21.91,1.98,1.83,56.0,1.71,1.76,49.4309,34.2289,7632.834153
721,14.78,1.28,2.77,21.9,1.04,1.71,43.9552,35.0323,460.1922336
722,18.31,1.74,1.51,25.29,1.87,1.52,33.8109,35.6908,1233.958231
723,12.98,0.99,2.27,41.88,0.48,1.39,-10.0,64.9419,1773.40786
724,12.38,0.74,2.72,42.53,0.37,1.42,44.1271,36.7433,1640.81971
725,10.4,1.13,4.13,61.84,-0.13,1.9,34.0263,35.5971,995.3459424
726,12.06,1.59,4.47,57.01,0.14,2.25,26.887,57.8026,1604.738573
727,5.79,0.76,4.06,56.46,-0.2,1.9,42.3105,53.3873,635.2274416
728,11.42,0.66,3.62,43.47,0.58,2.22,34.6885,35.8548,1492.041377
729,14.44,1.34,2.71,47.05,0.45,1.57,53.8526,16.4862,2508.197103
730,16.93,1.38,3.09,66.21,1.4,2.37,42.5967,49.1663,2146.206216
731,16.41,1.54,3.45,66.1,0.92,2.32,38.8643,33.5512,1949.353997
732,10.66,0.58,3.59,62.84,0.5,2.03,12.0183,57.6998,1004.284169
733,12.78,1.4,3.2,66.97,0.39,1.8,40.6537,20.0702,1043.151258
734,17.89,1.79,1.92,40.03,1.93,1.88,67.3548,39.3518,3757.18768
735,13.08,1.31,3.39,69.33,0.98,2.63,7.9893,39.092,930.6035163
736,16.86,1.48,2.58,37.37,1.53,2.11,42.7128,46.3582,2723.947629
737,14.13,1.55,3.21,42.15,0.87,1.94,71.7967,29.0139,2206.5948
738,14.04,1.35,3.5,66.86,0.61,2.13,39.2411,30.7262,1276.287562
739,11.87,1.3,2.97,57.43,0.33,1.79,43.7365,34.6219,1547.76815
740,14.58,1.26,3.1,36.59,0.54,1.95,41.2689,46.4191,1739.723208
741,12.24,0.75,2.24,86.8,0.96,1.74,20.5546,47.8648,86.33067385
742,15.97,1.66,2.89,43.48,0.91,1.82,34.0106,47.9404,3013.289035
743,16.89,1.44,2.56,54.08,1.51,2.1,44.8579,58.0642,3783.041918
744,9.92,0.87,3.77,63.4,0.55,2.14,37.4307,25.2569,884.3285448
745,17.56,1.84,2.48,44.52,1.54,2.14,35.3653,57.7943,4094.78335
746,15.44,1.48,2.82,67.01,0.61,1.79,36.4235,42.2953,1546.955653
747,16.36,1.5,2.41,34.11,1.41,1.85,55.4511,25.6043,2035.24501
748,12.04,1.25,3.29,41.66,0.6,1.75,46.7812,24.3234,1562.800808
749,15.32,1.36,2.95,58.66,1.18,2.17,41.8785,37.4513,2577.297297
750,11.55,1.18,3.18,51.68,0.24,1.85,41.2994,48.7617,1650.452703
751,12.89,0.95,2.83,70.55,0.78,2.03,24.3795,44.1917,791.0599209
752,12.96,0.97,3.85,77.47,0.9,2.65,37.4826,55.9926,376.9012593
753,12.01,0.91,2.45,69.54,0.79,1.78,31.7581,28.3729,765.4898682
754,23.22,1.94,2.17,29.74,2.01,2.17,36.3482,41.1573,3989.813126
755,16.82,1.18,2.06,28.32,1.76,1.93,54.0742,22.5501,1342.716554
756,17.7,1.9,3.24,44.06,1.56,2.32,-5.7907,59.6631,4134.852245
757,10.13,1.05,4.0,59.83,0.46,2.27,87.0506,32.4012,1099.803466
758,13.43,0.97,3.11,58.95,1.37,2.26,35.8014,37.2619,1948.989713
759,15.22,1.36,3.3,49.75,1.21,2.32,87.7354,-2.7495,3022.746528
760,16.2,1.87,3.34,55.97,1.2,2.25,89.1169,24.7986,3250.859587
761,14.64,1.12,2.81,66.78,1.32,2.19,8.6438,55.342,1461.996368
762,12.81,1.43,3.34,53.75,0.33,1.74,37.0532,45.0743,1950.978327
763,14.92,1.49,3.04,55.51,0.81,1.92,50.7659,48.5898,2634.35545
764,16.69,1.55,3.57,38.17,0.65,2.15,55.5242,23.856,2614.977036
765,14.78,1.63,3.61,60.05,0.87,2.21,36.6142,47.9872,2216.070736
766,15.81,1.21,3.18,46.15,1.48,2.38,-5.1221,67.7178,3224.536895
767,12.11,0.79,2.55,62.09,0.56,1.69,41.5365,21.6763,1302.772634
768,12.65,1.55,2.77,27.03,1.1,1.74,28.8927,47.0841,625.4879
769,13.61,0.9,2.69,55.54,1.53,2.17,41.5563,34.4135,2260.512088
770,12.99,1.09,4.61,54.67,0.26,2.6,6.2079,51.012,1940.539108
771,18.77,1.97,3.24,57.19,1.85,2.59,38.8271,43.8873,4747.826665
772,12.22,1.02,3.67,56.59,0.43,1.97,-7.7876,51.8534,1671.119687
773,15.32,1.51,3.95,50.51,0.26,2.11,46.4007,31.0027,2873.803986
774,12.31,1.29,2.95,81.97,0.48,2.21,47.3282,37.7766,182.5827247
775,12.68,1.76,3.11,78.63,0.48,1.91,36.1081,30.4897,310.1048096
776,14.0,1.44,3.18,28.62,0.83,1.76,17.3921,37.0545,871.2105678
777,21.67,1.9,2.55,61.78,2.01,2.34,29.8743,50.3377,5948.440128
778,12.08,1.11,3.51,49.13,0.62,2.01,51.5863,24.4568,1834.182112
779,13.12,1.32,3.64,52.05,0.74,1.97,32.8493,49.1659,2141.280021
780,13.67,1.27,3.58,57.42,0.23,2.06,60.5793,37.4232,1985.924644
781,14.56,1.4,2.66,40.56,1.3,1.77,38.3275,23.3273,2259.287013
782,16.38,1.86,3.01,49.55,1.06,1.99,43.57,31.9749,3578.063124
783,14.36,1.42,2.51,71.95,1.36,2.11,40.1226,51.8982,899.2347624
784,15.49,1.21,3.19,38.37,0.97,2.06,52.5891,25.7821,2255.936649
785,16.63,1.28,2.9,55.67,1.53,2.28,41.7851,34.7312,3508.173332
786,23.31,2.27,2.72,17.93,2.04,2.19,78.3786,31.1881,996.6134001
787,13.12,1.0,2.97,59.58,1.03,2.19,40.5784,47.6315,1774.155302
788,12.87,1.1,3.3,51.38,0.64,1.94,44.8756,35.7782,2050.862756
789,12.87,1.09,3.08,66.3,0.7,1.91,59.2716,27.2798,1126.61335
790,15.91,1.32,2.22,50.17,1.85,2.04,67.9845,44.4291,3484.565113
791,12.11,1.16,3.69,47.38,0.83,2.3,38.744,57.8286,1846.068147
792,14.28,1.28,3.71,61.42,0.89,2.36,18.7038,57.2422,1912.928959
793,11.0,0.78,3.0,55.27,1.34,2.15,42.0249,40.1445,1540.18872
794,16.28,1.38,2.52,61.78,0.77,1.57,40.3376,31.7992,2481.180222
795,12.53,0.92,2.94,38.53,0.54,1.5,42.7349,30.7384,1434.423858
796,13.94,1.07,3.05,31.66,1.33,1.99,8.8836,56.1159,1167.493538
797,10.14,1.06,3.63,57.88,0.25,2.0,57.774,37.9631,1174.83094
798,12.02,1.06,3.09,43.69,0.28,1.43,64.9652,45.2782,1621.857161
799,7.71,0.67,2.89,51.53,1.55,2.32,41.7322,45.8982,1032.497867
800,12.08,1.07,2.8,81.4,1.16,2.31,-1.538,39.5075,200.0631795
801,12.38,1.26,3.22,46.17,0.89,1.88,37.003,51.5684,1898.785234
802,14.02,0.95,4.01,72.8,0.89,2.72,42.0086,29.3164,749.5051435
803,17.67,1.91,2.63,39.81,1.08,1.88,15.5407,44.721,3404.719728
804,17.52,1.52,3.18,10.94,1.51,1.9,58.8848,35.8923,131.786515
805,14.53,1.57,2.69,53.6,0.94,1.67,13.0009,69.4064,2623.894296
806,13.49,1.28,2.93,63.71,0.8,1.85,40.2349,71.017,1488.15838
807,11.58,1.11,3.25,53.0,0.69,1.93,32.8763,48.5605,1683.695074
808,12.52,1.0,2.43,65.77,0.95,1.98,34.0435,40.2528,1129.82052
809,13.25,1.37,3.71,66.2,1.14,2.65,44.2716,43.85,1246.280433
810,15.04,1.48,2.22,61.11,1.08,1.77,35.5137,50.4467,2209.802557
811,16.19,1.84,2.29,49.1,1.53,1.86,44.2883,35.2924,3592.43766
812,16.82,1.69,2.8,66.65,1.17,1.98,42.5752,57.0508,2028.709213
813,17.39,1.6,2.55,56.43,1.87,2.19,36.4897,43.5293,3957.762467
814,13.83,1.66,2.51,66.22,0.18,1.64,33.4777,47.2603,1273.735181
815,11.34,1.0,3.43,58.03,0.57,2.15,44.1127,45.2198,1417.906718
816,19.55,2.13,3.08,35.49,1.34,1.95,16.265,52.5231,3578.753844
817,15.58,1.3,2.53,29.43,1.35,1.88,30.8453,51.5935,1221.039098
818,14.73,1.61,3.03,67.42,0.9,1.98,33.5102,36.0989,1386.491327
819,12.47,0.93,3.54,48.82,0.9,2.54,41.6563,33.8373,1964.548483
820,18.08,1.74,2.38,53.56,1.26,2.09,45.4939,27.0756,4481.149974
821,16.32,1.4,2.41,46.78,1.21,1.72,47.3768,41.8131,3457.771358
822,12.62,0.87,2.38,15.68,1.0,1.48,49.2786,44.5418,137.1866863
823,10.03,0.63,3.29,37.74,0.38,1.7,26.3285,49.3627,942.3652433
824,18.66,1.68,1.39,53.35,1.77,1.71,6.2954,68.5415,5058.155603
825,7.27,0.7,3.41,54.56,-0.04,1.68,48.3416,37.0245,831.6158193
826,15.78,1.61,2.55,52.64,1.37,2.04,21.529,53.1523,3283.096774
827,15.73,1.86,3.74,31.9,1.1,2.15,46.3883,26.8471,1547.412398
828,12.38,0.78,4.09,31.4,0.72,2.07,42.9416,35.0994,866.8073955
829,12.89,0.88,2.9,51.24,0.81,1.97,54.8275,41.7657,2068.876855
830,18.48,1.78,2.85,46.89,1.45,2.45,22.361,54.6647,4850.083875
831,14.74,1.13,2.45,36.86,0.92,1.59,-2.3116,51.8694,1849.893328
832,12.55,1.17,3.43,56.93,0.79,2.27,50.2063,35.7118,1785.970797
833,13.58,0.87,2.95,52.16,1.13,2.2,9.4468,35.5149,2319.974657
834,11.76,1.08,4.18,61.21,0.43,2.45,34.9874,38.1841,1297.605529
835,11.98,1.3,3.17,27.12,0.54,1.69,4.8335,61.2121,547.3130211
836,13.56,1.14,3.59,42.96,0.48,1.93,-10.0,63.2521,2009.450069
837,16.55,1.74,2.28,63.39,1.33,1.96,33.8152,47.1713,2472.473868
838,15.22,1.3,3.52,42.24,1.14,2.26,12.4441,50.1423,2614.571992
839,14.54,1.3,2.04,66.27,0.87,1.64,42.5249,39.1869,1457.830305
840,14.37,1.78,2.98,47.62,0.97,1.87,60.8363,26.1041,2630.938995
841,15.4,1.36,2.86,46.29,1.01,1.99,18.4897,54.5169,2960.352018
842,10.14,1.33,4.26,61.89,-0.19,1.97,59.3682,37.4309,958.140151
843,11.09,0.94,3.16,29.62,0.83,1.96,44.577,43.3182,623.7384181
844,18.37,1.78,2.56,44.22,2.07,2.34,37.6714,35.5547,4728.563021
845,14.71,1.47,2.39,26.33,0.66,1.15,30.4336,21.8148,752.9381575
846,9.29,0.51,2.82,63.86,0.3,1.6,35.3774,52.5894,763.3508789
847,11.85,1.24,3.26,24.76,0.08,1.38,23.9875,40.816,400.3003704
848,18.59,1.63,2.91,49.2,1.0,1.9,35.0473,33.1057,4848.47219
849,18.18,1.48,3.27,45.48,1.24,2.25,25.5807,51.9815,4427.294837
850,18.72,1.75,2.57,44.74,1.59,1.96,42.5722,35.1796,4859.778766
851,20.96,2.22,2.45,33.84,1.53,1.84,38.8711,50.9945,3962.921984
852,15.31,1.21,2.76,55.2,0.8,1.97,44.0675,44.7464,2785.475979
853,11.98,1.01,4.63,60.31,0.76,2.87,37.1155,47.8453,1429.695935
854,18.16,1.96,2.12,41.55,1.97,1.97,32.6181,28.9241,4196.893018
855,13.61,1.26,2.75,55.04,0.76,1.74,13.1672,61.5109,2187.977203
856,13.67,1.14,2.89,28.69,0.62,1.73,37.2318,43.5814,817.0853649
857,15.21,1.41,3.11,32.37,0.78,1.81,47.8961,33.5436,1440.896413
858,16.1,1.18,2.16,26.77,1.09,1.29,29.3805,45.1507,984.8282289
859,13.0,1.54,3.1,64.54,0.2,1.71,33.6956,24.4442,1270.79939
860,18.32,1.74,3.1,57.18,1.3,2.48,30.4061,47.4444,4258.855882
861,14.96,0.77,2.25,34.65,1.07,1.67,84.2732,14.2107,1653.691037
862,18.21,1.74,3.34,51.06,1.12,2.28,37.4086,27.3803,4641.893149
863,15.07,1.69,3.04,39.39,1.07,2.17,38.4487,25.3194,2287.470387
864,17.75,1.54,2.72,59.32,1.67,2.35,6.7034,62.7807,3694.376324
865,15.77,1.95,4.1,44.54,0.04,1.97,51.1066,29.8201,2856.58501
866,14.19,1.19,2.69,28.7,1.22,1.83,1.0474,68.9707,921.3967692
867,13.8,1.19,3.15,46.08,1.28,2.07,34.8781,36.4347,2383.252298
868,14.84,1.38,3.43,48.8,1.04,2.11,67.5825,13.2725,2820.948029
869,12.54,1.25,3.59,58.03,0.47,2.03,36.135,30.1875,1681.595435
870,10.13,0.87,3.49,63.79,0.16,1.93,72.4681,40.9943,865.274178
871,14.17,1.37,2.92,59.3,0.91,1.91,36.2576,39.7509,2089.396476
872,14.85,1.61,3.63,44.93,0.72,2.05,43.4313,33.3162,2629.226816
873,16.62,1.53,2.31,31.41,1.1,1.54,41.6136,41.0354,1672.500696
874,17.85,1.76,2.96,59.16,0.48,1.74,39.8209,45.0805,3488.654583
875,18.73,2.01,2.88,53.39,1.42,2.14,64.3139,42.6641,5029.047552
876,17.2,1.85,2.26,48.84,1.47,1.9,37.6526,55.3066,4131.95598
877,10.49,0.48,3.77,52.31,0.46,2.37,14.6974,45.2582,1403.229919
878,13.53,1.51,2.31,67.51,0.8,1.67,43.4098,25.5461,1148.659784
879,18.04,1.36,2.47,57.53,1.15,2.01,25.0125,41.111,3953.126607
880,14.97,1.01,2.87,54.85,1.17,2.2,39.8955,42.6394,2728.432245
881,16.18,1.39,3.04,41.4,1.22,2.01,43.4303,29.1618,2934.090489
882,15.07,1.22,3.39,56.7,0.38,1.88,42.0203,29.7214,2504.126182
883,13.69,1.35,3.51,69.53,0.6,2.04,31.9626,46.251,972.9957386
884,10.15,0.54,2.97,40.51,0.59,1.76,35.4531,41.1049,1114.45748
885,13.45,0.92,3.25,58.3,1.04,2.33,3.0086,53.275,1954.785696
886,15.94,1.34,3.81,37.13,1.36,2.43,42.5663,31.5168,2317.315601
887,14.88,1.57,3.3,63.31,0.95,2.03,67.9584,27.9105,1896.132878
888,11.12,0.63,3.09,58.97,0.52,1.85,58.0141,24.4527,1304.752863
889,13.5,0.98,3.94,36.68,1.17,2.6,33.7713,51.082,1552.865491
890,13.72,1.39,3.41,40.24,0.84,2.18,38.2864,50.9522,1911.658757
891,7.38,0.63,2.54,42.24,0.38,1.28,42.6608,20.6069,793.9068762
892,20.21,2.12,2.5,23.78,1.47,1.82,41.5077,30.1772,1334.070277
893,10.69,0.98,3.49,84.33,0.39,1.97,60.7584,17.7693,99.83486495
894,15.75,1.28,2.82,70.68,0.95,2.04,52.9415,28.9702,1200.970398
895,17.96,1.45,2.87,49.41,0.92,2.01,75.0582,26.8953,4388.297229
896,16.95,1.42,2.3,61.43,1.47,2.05,37.6403,26.3294,2931.474727
897,19.73,2.06,2.63,49.91,1.59,2.11,39.3087,31.0234,6031.878091
898,11.91,1.5,2.27,47.38,0.84,1.57,50.7737,26.1896,1814.325935
899,15.53,1.69,2.64,64.49,1.55,2.1,39.4263,42.2735,2021.05513
900,14.44,1.07,2.34,68.76,0.98,1.97,49.9784,37.201,1179.69975
901,13.37,1.54,3.04,52.23,0.86,1.72,31.4328,35.7811,2247.460706
902,10.5,1.17,3.69,61.09,0.45,2.17,36.391,43.0314,1095.672507
903,18.9,1.52,2.65,18.63,1.06,1.54,44.8432,32.8381,536.3979869
904,17.89,1.44,1.86,34.13,1.75,1.62,37.4912,38.1615,2593.317461
905,15.32,1.31,3.29,55.99,1.35,2.42,38.989,57.0884,2849.555535
906,13.48,0.96,2.93,55.3,0.5,1.7,28.0586,57.5841,2079.097093
907,17.17,1.34,2.35,38.08,1.43,1.97,36.5014,28.2287,2930.73659
908,20.86,1.84,2.53,40.57,2.08,2.43,-10.0,65.7973,5953.509396
909,15.19,1.62,3.11,57.97,1.15,2.16,36.4008,49.3737,2609.063195
910,14.95,1.19,2.69,75.73,0.58,1.8,-0.8513,42.8153,608.5049452
911,12.1,1.63,3.97,63.24,0.38,1.93,18.7539,55.6239,1231.648572
912,18.24,1.46,2.85,44.53,1.39,2.06,32.0279,58.1696,4412.783711
913,19.86,1.92,2.77,45.44,1.33,2.08,69.1946,18.5565,5730.401418
914,19.54,1.78,3.23,37.4,0.82,1.8,41.6438,30.2497,3838.755438
915,18.37,1.6,2.45,42.26,1.4,2.06,30.9758,53.3351,4222.117262
916,12.89,1.45,4.09,66.21,0.81,2.77,43.257,41.575,1158.146044
917,15.2,1.25,3.2,42.63,1.52,2.23,38.1392,46.1661,2713.041014
918,12.23,0.87,3.02,40.67,1.02,1.84,42.4596,42.545,1571.246492
919,17.88,1.72,3.2,49.61,1.23,2.37,43.2269,42.7776,4471.658237
920,15.79,1.44,3.01,63.24,0.48,2.07,37.8968,27.4714,2089.208282
921,12.38,0.91,2.63,33.48,1.17,1.73,21.91,56.8047,1062.835861
922,18.98,2.28,2.69,46.4,1.11,1.67,26.506,56.4188,5114.831505
923,13.76,1.35,3.46,52.36,0.5,1.89,35.855,39.1568,2302.666403
924,23.55,2.11,1.28,14.24,2.18,1.24,37.6829,40.3762,585.5575108
925,14.86,1.36,2.64,60.5,1.33,1.95,76.0392,12.0752,2250.595712
926,16.43,1.79,2.62,35.5,1.13,1.72,42.0639,44.4202,2237.994441
927,15.86,1.08,2.74,51.49,1.62,2.15,20.6553,52.4912,3365.008352
928,12.98,1.66,3.25,60.51,0.93,1.98,47.6156,36.7126,1686.087807
929,17.21,1.53,2.79,20.12,1.52,1.93,37.9939,51.9457,536.3312909
930,15.34,1.12,2.11,50.65,1.17,1.71,38.3931,37.2217,3042.027066
931,17.57,1.49,2.3,44.57,1.46,1.98,39.3493,45.8738,4038.091299
932,10.74,0.54,3.33,62.94,0.31,1.89,40.0512,29.7854,995.2862778
933,18.79,1.5,3.57,35.74,0.93,2.3,38.2459,40.3784,3113.096098
934,12.83,0.99,3.67,17.2,0.61,2.01,47.6902,35.5649,174.1636823
935,15.35,1.54,3.07,26.63,1.53,2.05,47.695,39.5598,908.441964
936,14.88,1.64,3.47,51.29,0.38,1.77,42.8557,35.3052,2725.627772
937,14.69,1.29,2.39,62.93,1.04,1.93,34.019,40.7786,1883.85096
938,7.77,0.39,2.8,40.24,0.37,1.43,45.8972,46.1965,768.4888126
939,15.87,1.92,3.2,32.82,0.58,1.64,17.3627,43.5554,1642.147875
940,18.75,1.64,1.45,58.05,1.37,1.55,37.4653,24.8214,4400.552244
941,15.63,1.54,2.85,40.83,0.84,1.7,40.752,57.2326,2587.320835
942,18.06,2.08,2.6,56.29,1.64,2.18,39.8264,53.8753,4361.597078
943,12.05,0.86,3.21,42.36,0.5,1.77,63.1544,18.9733,1576.647972
944,14.44,1.51,2.81,65.32,1.16,1.93,35.4004,48.5069,1583.322847
945,16.69,1.62,3.44,36.22,1.48,2.52,37.9876,35.6746,2482.954015
946,15.8,1.0,3.29,42.13,0.43,1.97,88.1186,25.7934,2668.11441
947,16.84,1.63,3.16,60.43,1.6,2.6,83.8068,27.6099,3079.128701
948,13.46,1.52,3.04,56.59,0.1,1.53,-1.7351,52.2632,1975.398611
949,14.63,1.96,3.02,21.47,1.26,1.79,65.3593,23.2866,441.3944238
950,12.2,1.07,3.36,28.87,0.82,1.69,84.9961,17.3459,681.7715215
951,10.5,0.94,3.11,54.54,0.45,1.82,43.1696,29.7287,1375.952266
952,18.68,1.82,2.5,43.35,1.66,1.87,85.5651,15.734,4688.543288
953,16.88,1.89,2.45,65.82,0.63,1.5,45.8158,37.2927,2107.131598
954,15.42,1.4,2.8,18.98,1.5,1.93,37.3487,33.7704,352.6590755
955,13.01,1.28,2.38,50.41,0.48,1.55,35.3109,48.4617,2088.65047
956,17.92,1.68,2.3,57.84,1.33,1.92,-2.5646,69.7701,3931.429401
957,15.97,1.16,2.63,52.55,1.41,2.09,36.5999,35.3895,3341.46207
958,13.32,1.16,2.45,57.86,1.05,1.74,5.1058,54.607,1966.128608
959,18.1,2.26,3.34,56.09,1.02,2.15,29.186,48.7817,4238.076628
960,16.21,1.39,2.77,59.83,1.21,2.32,46.5732,42.4194,2794.051735
961,18.0,1.72,1.71,28.46,1.74,1.49,-1.3013,55.215,1633.18461
962,17.86,1.94,2.5,26.22,0.28,0.93,40.9167,47.106,1152.333122
963,11.6,0.55,2.18,53.54,0.6,1.5,25.0712,50.0476,1638.342799
964,17.98,1.45,2.94,25.17,0.9,1.86,41.185,27.2086,1074.790902
965,16.61,1.25,1.83,60.13,1.54,1.86,12.9734,58.1509,2974.180021
966,19.06,2.25,3.2,55.53,1.57,2.39,40.7468,48.6115,5132.133582
967,12.83,1.27,3.15,29.87,1.09,2.09,-3.2163,47.4928,841.7096278
968,18.96,1.76,2.17,29.28,1.58,1.95,36.4078,41.6367,2009.483936
969,11.71,0.63,4.01,44.03,0.04,1.84,17.4215,54.7358,1520.192211
970,11.91,1.69,3.83,28.94,0.38,1.78,40.291,37.805,650.1988476
971,17.44,1.74,3.44,57.33,1.33,2.38,90.0,33.2298,3742.09038
972,10.95,0.8,3.67,47.06,0.12,1.93,57.825,57.4,1466.627778
973,12.94,0.97,2.88,38.29,1.25,1.94,34.245,34.1544,1581.271103
974,15.72,1.33,2.51,35.09,1.42,1.95,41.7892,25.5633,1982.058606
975,14.02,1.5,3.01,62.59,1.04,2.16,58.7847,36.4635,1757.675482
976,14.49,1.58,3.0,22.54,1.08,1.99,42.7355,46.2582,484.5175293
977,11.8,1.07,3.64,35.35,0.35,1.76,50.3359,34.0738,1059.672113
978,19.29,1.61,2.82,58.56,1.23,1.97,40.3482,54.4107,4609.512101
979,7.22,0.35,3.6,63.09,-0.03,1.67,31.2063,29.6917,579.6243701
980,15.7,1.1,3.41,46.86,0.14,1.93,44.8777,45.222,2907.919597
981,14.48,1.34,3.56,47.44,0.67,2.11,90.0,16.4414,2576.102155
982,9.88,1.0,3.64,55.19,0.52,2.16,65.1573,48.3887,1248.129938
983,18.8,1.8,3.23,74.07,1.66,2.54,42.5689,59.026,1401.211709
984,18.07,1.33,2.89,28.67,1.52,2.1,47.3997,29.7435,1640.769905
985,15.68,1.68,3.77,57.85,0.72,2.35,47.2064,31.9822,2733.704192
986,15.28,1.25,2.29,34.78,1.28,1.61,67.0195,39.139,1798.975721
987,10.88,1.2,4.09,55.09,0.81,2.4,54.265,31.136,1482.876885
988,16.14,1.62,3.16,38.03,0.97,2.05,45.1922,37.7286,2460.098447
989,16.12,1.41,2.42,35.84,1.48,1.84,46.7895,37.8776,2219.56275
990,13.52,1.35,3.45,31.57,1.51,2.22,52.7505,16.3406,1113.605137
991,6.55,0.12,4.13,56.69,0.28,2.1,45.793,37.8341,714.453061
992,20.37,1.9,2.37,37.76,1.4,1.99,0.251,47.0149,4612.097972
993,12.92,1.36,3.68,71.4,0.11,1.91,43.9354,33.6914,705.6635532
994,17.13,1.79,2.88,51.45,1.77,2.28,-0.6886,68.6773,4165.407602
995,11.95,1.14,2.97,67.18,0.8,2.06,2.887,40.4245,931.610877
996,17.99,2.29,3.38,44.32,0.98,2.08,2.9515,61.099,4211.527806
997,12.12,0.82,3.52,57.07,-0.04,1.73,31.2122,40.2861,1560.333735
998,15.55,1.5,2.48,58.25,1.89,2.35,46.3346,34.9853,2858.180459
999,20.89,2.02,3.23,46.17,1.71,2.27,25.1902,53.0872,6934.576348
1000,15.74,1.31,2.37,73.08,1.24,2.06,41.7088,42.8024,963.6757931
